city_id,City,Cloudiness,Country,Date,Humidity,Lat,Lng,Max Temp,Wind Speed
0,progreso,75,MX,1595296133,94,21.28,-89.67,82.0,9.8
1,roald,100,NO,1595296189,87,62.58,6.13,51.8,11.41
2,jamestown,1,US,1595296033,60,42.1,-79.24,71.6,8.05
3,puerto ayora,99,EC,1595295716,87,-0.74,-90.35,69.01,8.01
4,new norfolk,92,AU,1595296014,75,-42.78,147.06,55.0,5.99
5,ribeira grande,24,PT,1595296041,69,38.52,-28.7,69.17,2.04
6,mandalgovi,0,MN,1595296190,30,45.76,106.27,75.54,11.34
7,tuktoyaktuk,90,CA,1595296042,81,69.45,-133.04,42.8,12.75
8,niksic,0,ME,1595296191,87,42.77,18.94,77.0,1.12
9,westport,1,US,1595295857,48,41.14,-73.36,87.8,5.82
10,maragogi,70,BR,1595296191,76,-9.01,-35.22,73.65,12.3
11,ushuaia,0,AR,1595295716,100,-54.8,-68.3,28.4,5.82
12,trincomalee,77,LK,1595296192,71,8.57,81.23,81.79,9.69
13,nikolskoye,99,RU,1595296040,82,59.7,30.79,61.0,4.47
14,geraldton,0,AU,1595296117,62,-28.77,114.6,59.0,20.8
15,tilichiki,46,RU,1595296120,62,60.47,166.1,58.59,5.53
16,reconquista,100,AR,1595296192,68,-29.15,-59.65,72.16,7.76
17,sao joao da barra,0,BR,1595296068,88,-21.64,-41.05,70.74,11.23
18,uray,0,RU,1595296193,66,60.12,64.78,59.02,7.0
19,bikaner,12,IN,1595296193,62,28.02,73.3,88.0,18.75
20,rikitea,82,PF,1595295422,69,-23.12,-134.97,67.35,17.05
21,avarua,100,CK,1595296011,78,-21.21,-159.78,77.0,19.46
22,saint-philippe,90,RE,1595296037,63,-21.36,55.77,64.4,5.82
23,carnarvon,0,AU,1595296041,55,-24.87,113.63,64.4,8.05
24,villagarzon,100,CO,1595296194,77,1.04,-76.63,69.51,3.42
25,kapaa,75,US,1595296050,66,22.08,-159.32,84.2,13.87
26,vaini,20,TO,1595295716,65,-21.2,-175.2,77.0,10.29
27,barrow,75,US,1595296034,80,71.29,-156.79,35.6,6.93
28,vurnary,95,RU,1595296195,96,55.49,46.96,57.33,5.21
29,mahibadhoo,100,MV,1595296195,74,3.78,72.97,83.93,20.09
30,busselton,100,AU,1595296032,49,-33.65,115.33,61.0,18.81
31,deputatskiy,75,RU,1595296171,48,69.3,139.9,75.92,6.62
32,houma,1,US,1595295931,88,29.6,-90.72,82.99,5.82
33,lagoa,0,PT,1595296060,70,39.05,-27.98,68.5,3.78
34,mataura,100,NZ,1595295715,77,-46.19,168.86,51.35,3.67
35,sao joaquim,63,BR,1595296197,99,-28.29,-49.93,50.25,2.28
36,cherskiy,100,RU,1595296036,29,68.75,161.3,76.12,4.94
37,parabel,63,RU,1595296197,77,58.7,81.48,60.15,13.67
38,camacha,40,PT,1595296198,68,33.08,-16.33,69.8,14.99
39,pali,61,IN,1595296198,70,25.77,73.33,84.2,16.58
40,buckeye,1,US,1595296185,15,33.37,-112.58,105.01,8.05
41,iranshahr,0,IR,1595296198,13,27.2,60.68,87.51,7.72
42,fukue,75,JP,1595296198,100,32.69,128.84,80.6,13.87
43,camocim,55,BR,1595296199,74,-2.9,-40.84,78.84,13.8
44,kenai,20,US,1595295998,56,60.55,-151.26,68.0,11.41
45,broome,1,US,1595296101,53,42.25,-75.83,75.2,5.82
46,zelenoborsk,0,RU,1595296199,63,61.47,64.03,59.92,4.29
47,ponta do sol,40,PT,1595296036,82,32.67,-17.1,68.0,14.99
48,atuona,35,PF,1595296025,79,-9.8,-139.03,80.24,17.78
49,wajima,75,JP,1595296200,94,37.4,136.9,78.8,9.17
50,bluff,100,NZ,1595295715,77,-46.6,168.33,51.62,10.16
51,rocha,100,UY,1595296065,82,-34.48,-54.33,66.45,5.46
52,hermanus,4,ZA,1595296044,74,-34.42,19.23,56.08,9.17
53,madang,3,PG,1595296201,64,-5.22,145.8,86.27,4.5
54,tromso,90,NO,1595296157,93,69.65,18.96,51.8,17.22
55,wagar,93,SD,1595296202,53,16.15,36.2,84.61,13.22
56,evensk,0,RU,1595296202,40,61.95,159.23,68.31,12.46
57,boyuibe,45,BO,1595296202,69,-20.42,-63.28,69.89,7.11
58,gorele,75,TR,1595296202,74,41.03,39.0,78.8,5.82
59,tripoli,0,LY,1595296203,78,32.88,13.19,74.68,8.5
60,sept-iles,75,CA,1595295781,52,50.2,-66.38,69.8,27.51
61,touho,16,NC,1595296203,57,-20.78,165.23,70.52,5.28
62,kuytun,88,RU,1595296203,58,54.34,101.5,60.82,5.01
63,bougouni,98,ML,1595296204,92,11.42,-7.48,73.27,3.42
64,east london,0,ZA,1595296049,43,-33.02,27.91,61.34,5.21
65,nogales,1,MX,1595296144,18,31.31,-110.94,93.2,6.93
66,talnakh,90,RU,1595296005,100,69.49,88.4,51.8,11.18
67,grindavik,20,IS,1595296205,81,63.84,-22.43,46.4,1.12
68,hasaki,75,JP,1595296098,88,35.73,140.83,82.99,3.36
69,husavik,87,IS,1595296205,93,66.04,-17.34,42.8,3.36
70,saint-augustin,99,CA,1595296106,97,51.23,-58.65,60.75,9.4
71,chapais,75,CA,1595296053,87,49.78,-74.85,55.4,10.29
72,port elizabeth,20,ZA,1595296038,100,-33.92,25.57,53.6,2.24
73,torbay,90,CA,1595296131,88,47.67,-52.73,66.2,24.16
74,gondar,74,ET,1595296206,95,12.6,37.47,55.76,4.25
75,faanui,47,PF,1595296101,83,-16.48,-151.75,77.4,25.34
76,cidreira,77,BR,1595296058,79,-30.18,-50.21,65.88,5.99
77,manicore,94,BR,1595296207,58,-5.81,-61.3,76.14,1.45
78,huarmey,2,PE,1595296207,86,-10.07,-78.15,60.06,7.74
79,cape town,0,ZA,1595295811,93,-33.93,18.42,48.99,5.82
80,hobart,75,AU,1595295965,54,-42.88,147.33,57.2,9.17
81,punta arenas,4,CL,1595296094,92,-53.15,-70.92,30.2,5.82
82,bulawayo,0,ZW,1595296208,92,-20.15,28.58,45.79,8.16
83,lebu,100,CL,1595296042,85,-37.62,-73.65,50.32,11.1
84,natal,75,BR,1595296155,100,-5.79,-35.21,71.6,10.29
85,bethel,1,US,1595296031,78,41.37,-73.41,78.01,4.7
86,airai,100,TL,1595296051,48,-8.93,125.41,70.93,3.67
87,narsaq,62,GL,1595296069,50,60.92,-46.05,51.8,5.82
88,saldanha,0,ZA,1595295925,81,-33.01,17.94,44.6,1.12
89,kununurra,75,AU,1595296209,16,-15.77,128.73,77.0,13.87
90,tasiilaq,93,GL,1595296118,87,65.61,-37.64,44.6,6.93
91,borgarnes,35,IS,1595296210,76,64.54,-21.92,48.2,1.12
92,lavrentiya,100,RU,1595296039,75,65.58,-171.0,47.14,5.41
93,albany,2,US,1595295715,80,42.6,-73.97,80.01,5.1
94,yumen,100,CN,1595296146,24,40.28,97.2,81.14,19.42
95,goshen,20,US,1595295927,64,41.58,-85.83,75.2,6.93
96,galesong,20,ID,1595296211,66,-5.32,119.37,84.2,2.24
97,anadyr,20,RU,1595296069,48,64.75,177.48,62.6,11.18
98,hamilton,40,US,1595295925,69,39.18,-84.53,82.0,5.82
99,the valley,20,AI,1595296060,78,18.22,-63.06,82.99,8.05
100,qaanaaq,77,GL,1595296063,68,77.48,-69.36,46.81,0.65
101,altamira,0,BR,1595296212,71,-3.2,-52.21,74.91,3.0
102,brooks,0,CA,1595296212,51,50.58,-111.89,73.0,3.58
103,margate,0,GB,1595296103,94,51.38,1.39,61.0,4.07
104,tocopilla,100,CL,1595296212,68,-22.09,-70.2,59.27,4.27
105,berdigestyakh,100,RU,1595296213,68,62.1,126.7,69.46,13.62
106,souillac,75,MU,1595296032,77,-20.52,57.52,66.2,11.41
107,salalah,90,OM,1595296166,94,17.02,54.09,80.6,3.36
108,bredasdorp,41,ZA,1595296058,93,-34.53,20.04,57.2,1.12
109,pamplona,0,ES,1595296214,63,42.82,-1.64,64.4,2.24
110,akyab,100,MM,1595296214,83,20.15,92.9,81.79,10.83
111,gornopravdinsk,0,RU,1595296214,63,60.05,69.9,60.08,8.16
112,acapulco,90,MX,1595296214,79,16.86,-99.89,84.2,4.7
113,gazanjyk,0,TM,1595296051,31,39.24,55.52,85.24,5.55
114,upernavik,40,GL,1595296044,56,72.79,-56.15,47.17,8.25
115,sulangan,24,PH,1595296120,71,11.14,123.72,84.67,5.91
116,sidi ali,0,DZ,1595296215,37,36.1,0.42,78.48,6.55
117,severnyy,0,RU,1595296216,77,50.68,36.55,59.0,6.71
118,ambilobe,48,MG,1595296163,74,-13.2,49.05,62.62,3.38
119,la ronge,75,CA,1595296166,68,55.1,-105.28,68.0,5.82
120,esperance,100,AU,1595296076,76,-33.87,121.9,51.8,9.17
121,bull savanna,85,JM,1595296216,82,17.89,-77.59,77.54,10.31
122,yellowknife,20,CA,1595295693,53,62.46,-114.35,73.0,10.29
123,beyneu,22,KZ,1595296217,23,45.32,55.2,85.87,6.13
124,cockburn town,72,TC,1595295967,78,21.46,-71.14,83.32,22.66
125,touros,75,BR,1595296054,100,-5.2,-35.46,71.6,10.29
126,kampong thum,100,KH,1595296217,82,12.71,104.89,81.03,4.29
127,berlevag,100,NO,1595296066,81,70.86,29.09,58.3,7.43
128,kaitangata,17,NZ,1595296069,50,-46.28,169.85,57.0,8.01
129,tiksi,100,RU,1595296075,82,71.69,128.87,49.32,8.16
130,port alfred,0,ZA,1595296065,70,-33.59,26.89,57.79,3.06
131,labuhan,25,ID,1595296119,77,-6.88,112.21,82.71,8.23
132,thompson,75,CA,1595295910,56,55.74,-97.86,71.6,2.24
133,clyde river,90,CA,1595296050,100,70.47,-68.59,42.8,12.75
134,tual,100,ID,1595296151,85,-5.67,132.75,79.48,19.04
135,dawlatabad,0,AF,1595296038,17,36.41,64.91,83.14,4.7
136,itarema,69,BR,1595296041,83,-2.92,-39.92,76.59,13.2
137,asau,2,RO,1595296070,97,46.43,26.4,55.0,5.21
138,tomatlan,83,MX,1595296220,80,19.93,-105.25,78.84,4.07
139,bereda,80,ES,1595296221,100,43.27,-7.54,61.0,7.0
140,castro,13,BR,1595296041,79,-24.79,-50.01,55.36,4.83
141,flinders,11,AU,1595296079,51,-34.58,150.86,62.01,8.99
142,namibe,0,AO,1595296221,59,-15.2,12.15,65.71,3.47
143,west plains,1,US,1595296221,66,36.73,-91.85,84.2,3.36
144,victoria,20,HK,1595295469,66,22.29,114.16,91.0,8.05
145,pevek,34,RU,1595296074,58,69.7,170.31,47.61,3.27
146,atasu,17,KZ,1595296222,41,48.68,71.64,73.99,12.41
147,bac lieu,100,VN,1595296222,68,9.29,105.72,84.45,3.22
148,elmadag,0,TR,1595296223,63,39.92,33.23,66.2,9.17
149,khatanga,99,RU,1595296043,58,71.97,102.5,55.45,4.16
150,pucallpa,0,PE,1595296223,79,-8.38,-74.55,75.92,1.68
151,butaritari,98,KI,1595296043,66,3.07,172.79,82.94,1.14
152,port hardy,75,CA,1595296137,72,50.7,-127.42,66.2,11.41
153,abu zabad,17,SD,1595296224,77,12.35,29.25,73.83,8.34
154,yeppoon,75,AU,1595296062,45,-23.13,150.73,68.0,6.93
155,ostrovnoy,0,RU,1595296143,60,68.05,39.51,62.35,7.9
156,hilo,90,US,1595296032,58,19.73,-155.09,84.2,10.29
157,saint george,1,US,1595295923,11,37.1,-113.58,104.0,10.29
158,iqaluit,90,CA,1595296044,93,63.75,-68.51,44.6,3.36
159,luzhou,100,CN,1595296225,90,28.87,105.44,74.8,5.86
160,techiman,99,GH,1595296226,100,7.59,-1.94,68.5,4.34
161,provideniya,90,RU,1595296050,81,64.38,-173.3,50.0,11.18
162,cabo san lucas,5,MX,1595295815,37,22.89,-109.91,95.0,11.41
163,trinidad,0,BO,1595296133,63,-14.83,-64.9,76.41,1.7
164,corrente,87,BR,1595296227,68,-3.74,-43.34,76.5,2.73
165,senneterre,90,CA,1595296227,77,48.38,-77.23,60.8,3.36
166,vila velha,40,BR,1595296062,94,-20.33,-40.29,68.0,3.47
167,praxedis guerrero,90,MX,1595296227,39,31.37,-106.02,82.4,17.22
168,akureyri,69,IS,1595296228,93,65.68,-18.09,42.8,3.36
169,tumen,0,CN,1595296228,42,42.97,129.84,84.13,5.99
170,hami,100,CN,1595296138,22,42.8,93.45,89.37,3.02
171,college,75,US,1595296069,49,64.86,-147.8,73.0,5.82
172,chyhyryn,31,UA,1595296228,76,49.08,32.66,64.08,7.38
173,burgeo,42,CA,1595296229,90,47.62,-57.62,60.33,6.11
174,port lincoln,85,AU,1595296045,70,-34.73,135.87,54.63,6.69
175,san-pedro,93,CI,1595296229,94,4.75,-6.64,74.71,5.59
176,pakenham,89,AU,1595296182,97,-38.07,145.48,50.0,1.99
177,sangmelima,100,CM,1595296230,100,2.93,11.98,66.34,2.42
178,kavaratti,99,IN,1595296066,81,10.57,72.64,82.65,20.54
179,yeniseysk,83,RU,1595296230,85,58.45,92.17,60.93,6.4
180,kathu,20,TH,1595296230,83,7.92,98.33,86.0,2.24
181,chicama,13,PE,1595296063,85,-7.84,-79.15,60.69,4.83
182,arraial do cabo,0,BR,1595295812,85,-22.97,-42.03,70.61,18.63
183,kerman,0,IR,1595296231,19,30.28,57.08,75.2,6.93
184,tyrma,18,RU,1595296231,45,50.08,132.17,80.04,3.09
185,mahebourg,75,MU,1595296037,77,-20.41,57.7,66.2,11.41
186,vanimo,13,PG,1595296232,60,-2.67,141.3,87.12,8.01
187,hovd,100,MN,1595296144,37,48.01,91.64,74.68,0.74
188,pottstown,1,US,1595296232,54,40.25,-75.65,82.0,3.87
189,sao felix do xingu,99,BR,1595296129,61,-6.64,-51.99,71.87,2.15
190,fortuna,40,US,1595296125,87,40.6,-124.16,61.0,11.41
191,katsuura,75,JP,1595296063,88,35.13,140.3,79.0,6.93
192,makakilo city,75,US,1595296116,48,21.35,-158.09,87.8,9.17
193,isangel,2,VU,1595295822,47,-19.55,169.27,78.8,9.17
194,padang,98,ID,1595296065,63,-0.95,100.35,84.76,2.48
195,kruisfontein,0,ZA,1595296119,93,-34.0,24.73,53.8,5.55
196,kahului,1,US,1595296043,46,20.89,-156.47,89.6,24.16
197,adra,14,ES,1595296234,54,36.75,-3.02,82.4,14.99
198,dikson,100,RU,1595296041,96,73.51,80.55,39.69,13.04
199,deori,100,IN,1595296235,69,21.45,82.62,83.23,8.37
200,mar del plata,90,AR,1595296117,100,-38.0,-57.56,50.0,23.04
201,saskylakh,100,RU,1595296046,45,71.92,114.08,59.36,10.54
202,iisalmi,99,FI,1595296236,100,63.56,27.19,60.8,3.36
203,yar-sale,100,RU,1595296160,74,66.83,70.83,57.4,5.95
204,las palmas,90,ES,1595296236,73,28.42,-14.01,73.4,19.46
205,gizo,35,SB,1595296236,81,-8.1,156.84,81.57,19.6
206,birnin kebbi,79,NG,1595296236,72,12.45,4.2,80.6,12.91
207,kodiak,1,US,1595296048,44,57.79,-152.41,75.2,10.29
208,luorong,100,CN,1595296237,76,24.41,109.61,84.42,9.35
209,tamandare,85,BR,1595296237,75,-8.76,-35.1,74.16,12.68
210,port hedland,0,AU,1595296209,27,-20.32,118.57,75.2,19.46
211,nouadhibou,51,MR,1595296237,83,20.93,-17.03,73.4,2.24
212,tateyama,75,JP,1595296238,88,34.98,139.87,80.01,6.93
213,dwarka,55,IN,1595296223,76,22.24,68.97,84.16,18.63
214,muncar,98,ID,1595296238,81,-8.43,114.33,79.79,6.67
215,upington,0,ZA,1595296238,37,-28.45,21.26,51.96,10.13
216,los llanos de aridane,40,ES,1595295944,78,28.66,-17.92,71.6,18.34
217,komsomolskiy,0,UZ,1595296061,31,40.43,71.72,78.8,4.7
218,porangatu,0,BR,1595296239,46,-13.44,-49.15,66.54,1.95
219,severo-kurilsk,44,RU,1595296098,78,50.68,156.12,54.28,1.88
220,north bend,90,US,1595296239,87,43.41,-124.22,72.0,16.11
221,newport,40,GB,1595296240,78,51.59,-3.0,55.99,6.78
222,turayf,0,SA,1595296240,39,31.67,38.66,84.2,13.87
223,chokurdakh,90,RU,1595296062,35,70.63,147.92,80.53,15.48
224,nola,0,IT,1595296240,69,40.92,14.53,73.4,2.24
225,karasburg,0,NA,1595296241,30,-28.02,18.75,57.27,11.83
226,sorland,100,NO,1595296141,77,67.67,12.69,53.4,7.05
227,finschhafen,16,PG,1595296241,72,-6.6,147.87,82.78,10.16
228,abu kamal,0,SY,1595296241,22,34.45,40.92,84.16,14.09
229,pasighat,100,IN,1595296241,89,28.07,95.33,75.81,4.38
230,kirkuk,0,IQ,1595296231,15,35.47,44.39,81.97,5.44
231,altay,100,CN,1595296242,54,47.87,88.12,69.73,4.92
232,jaipur,40,IN,1595296134,74,26.92,75.82,84.2,6.93
233,monywa,100,MM,1595296242,73,22.12,95.13,82.8,13.06
234,amapa,3,BR,1595296243,96,1.0,-52.0,70.48,1.59
235,fereydun kenar,0,IR,1595296139,78,36.69,52.52,71.6,6.93
236,chuy,95,UY,1595296048,88,-33.7,-53.46,65.53,7.99
237,liverpool,1,GB,1595296243,87,53.41,-2.98,55.0,5.82
238,hirara,40,JP,1595296239,70,24.8,125.28,87.8,6.93
239,yulara,75,AU,1595296076,76,-25.24,130.99,55.4,16.11
240,mitsamiouli,68,KM,1595296200,69,-11.38,43.28,76.12,12.62
241,quatre cocos,75,MU,1595296244,77,-20.21,57.76,70.0,11.41
242,zhangjiakou,70,CN,1595296245,50,40.81,114.88,80.65,6.62
243,saint-pierre,90,RE,1595296055,63,-21.34,55.48,64.4,5.82
244,mogzon,59,RU,1595296245,40,51.74,111.96,63.34,10.96
245,hofn,92,IS,1595296036,76,64.25,-15.21,52.48,1.01
246,rubiataba,0,BR,1595296245,41,-15.16,-49.8,64.02,3.27
247,zaria,82,NG,1595296246,90,11.11,7.72,69.62,7.61
248,chandur,100,IN,1595296246,78,19.73,79.18,81.88,7.23
249,aktas,8,KZ,1595296246,72,49.78,72.96,64.4,4.47
250,zheshart,0,RU,1595296246,78,62.07,49.57,56.41,7.02
251,tecoanapa,85,MX,1595296140,81,16.52,-98.75,81.57,6.15
252,hobyo,88,SO,1595295957,71,5.35,48.53,77.27,21.9
253,atambua,100,ID,1595296247,46,-9.11,124.89,81.45,1.3
254,poum,44,NC,1595296035,62,-20.23,164.02,71.29,12.84
255,sturgeon falls,90,CA,1595296248,82,46.36,-79.93,66.0,4.7
256,lompoc,5,US,1595296058,68,34.64,-120.46,66.2,16.11
257,grand gaube,89,MU,1595296167,55,-20.01,57.66,70.0,5.99
258,dingle,12,PH,1595296107,73,11.0,122.67,85.84,6.15
259,kysyl-syr,100,RU,1595296111,93,63.9,122.76,67.48,11.86
260,jalu,0,LY,1595296249,54,29.03,21.55,74.89,11.01
261,moundou,99,TD,1595296249,91,8.57,16.08,70.92,1.66
262,mazyr,0,BY,1595296249,84,52.05,29.25,60.19,3.91
263,bardiyah,0,LY,1595296250,88,31.76,25.09,72.61,13.98
264,terrace,90,CA,1595296079,100,54.52,-128.6,60.8,8.05
265,fairbanks,90,US,1595295933,68,64.84,-147.72,73.0,3.36
266,estepa,65,ES,1595296250,45,37.29,-4.88,87.8,4.7
267,kisanga,22,TZ,1595296058,83,-7.44,37.7,65.19,1.32
268,xiaoweizhai,100,CN,1595296099,86,26.19,107.51,73.47,12.01
269,hithadhoo,100,MV,1595296080,77,-0.6,73.08,84.06,12.59
270,constitucion,98,CL,1595295716,88,-35.33,-72.42,52.27,9.37
271,elliot,0,ZA,1595296251,41,-31.33,27.85,44.94,6.08
272,ust-koksa,99,RU,1595296252,69,50.27,85.61,66.42,1.28
273,bambous virieux,75,MU,1595296055,77,-20.34,57.76,70.0,11.41
274,pisco,1,PE,1595296049,82,-13.7,-76.22,60.8,9.17
275,mangrol,7,IN,1595296252,78,21.12,70.12,83.23,14.97
276,chiredzi,11,ZW,1595296253,91,-21.05,31.67,53.42,0.92
277,glenwood springs,1,US,1595296253,12,39.55,-107.32,93.2,6.93
278,lata,92,PT,1595296051,69,40.16,-8.33,66.99,2.71
279,nemuro,75,JP,1595296101,73,43.32,145.57,71.6,2.24
280,sinfra,86,CI,1595296254,95,6.62,-5.92,71.28,4.63
281,miramar,1,US,1595296254,83,25.99,-80.23,82.99,6.93
282,entre rios,22,BR,1595296254,98,-11.94,-38.08,67.1,2.91
283,yarada,40,IN,1595296254,88,17.65,83.27,80.6,3.36
284,lintangan,40,PH,1595296254,83,7.22,121.95,84.2,5.82
285,yakima,1,US,1595296255,19,46.47,-120.67,98.01,5.82
286,koungou,90,YT,1595296255,69,-12.73,45.2,75.2,18.34
287,shingu,75,JP,1595296143,83,33.73,135.98,82.4,4.7
288,pokrovsk,99,UA,1595296256,74,48.28,37.18,63.64,5.17
289,santa cruz de la palma,40,ES,1595296256,78,28.68,-17.76,71.6,18.34
290,coruripe,46,BR,1595296221,82,-10.13,-36.18,73.13,13.71
291,mount isa,88,AU,1595296125,20,-20.73,139.5,73.4,12.75
292,bitung,20,ID,1595296257,59,1.45,125.18,89.6,2.24
293,port keats,11,AU,1595296257,29,-14.25,129.55,82.47,9.37
294,savinka,100,RU,1595296257,58,50.08,47.1,69.84,5.64
295,vestmanna,31,FO,1595296257,100,62.16,-7.17,46.4,3.2
296,grajau,4,BR,1595296121,56,-5.82,-46.14,74.34,2.51
297,hay river,40,CA,1595296258,68,60.82,-115.8,69.8,11.41
298,nara,75,JP,1595296258,62,34.69,135.8,91.99,4.7
299,vardo,100,NO,1595296042,79,70.37,31.11,58.86,9.33
300,shimanovsk,0,RU,1595296258,41,52.0,127.7,73.2,12.71
301,pacific grove,75,US,1595296062,77,36.62,-121.92,62.6,10.29
302,svetlyy,20,RU,1595296259,87,54.67,20.13,57.2,6.71
303,egvekinot,2,RU,1595296259,52,66.32,-179.17,53.78,1.12
304,okhotsk,33,RU,1595296100,75,59.38,143.3,60.55,6.58
305,georgetown,20,MY,1595296037,88,5.41,100.34,84.2,4.7
306,paka,20,MY,1595296260,88,4.64,103.44,82.4,1.12
307,slave lake,1,CA,1595296260,53,55.28,-114.77,71.6,2.24
308,port blair,100,IN,1595296072,73,11.67,92.75,83.08,4.94
309,ust-kan,25,RU,1595296261,79,50.93,84.76,65.28,2.13
310,kungurtug,100,RU,1595296261,37,50.6,97.52,72.19,1.25
311,maniitsoq,100,GL,1595296261,89,65.42,-52.9,50.04,11.32
312,bima,5,ID,1595296261,47,-8.47,118.72,88.21,2.89
313,coihaique,90,CL,1595296107,86,-45.58,-72.07,32.0,4.7
314,arosa,20,CH,1595296262,100,46.78,9.68,66.0,1.12
315,barcelos,0,PT,1595296262,88,41.54,-8.62,73.0,3.78
316,esmeraldas,75,BR,1595296262,72,-19.76,-44.31,68.0,5.82
317,toamasina,43,MG,1595296262,84,-18.17,49.38,64.96,10.31
318,henties bay,0,NA,1595296067,52,-22.12,14.28,64.0,3.0
319,honningsvag,100,NO,1595296263,91,70.98,25.97,54.16,6.24
320,sembe,100,CG,1595296263,92,1.65,14.58,69.66,2.51
321,aksehir,0,TR,1595295983,67,38.36,31.42,64.74,5.21
322,chegdomyn,19,RU,1595296264,49,51.12,133.02,77.27,4.65
323,bonthe,100,SL,1595296264,94,7.53,-12.51,74.82,8.84
324,bathsheba,40,BB,1595296060,69,13.22,-59.52,82.4,18.34
325,bengkulu,74,ID,1595295974,73,-3.8,102.27,81.95,3.24
326,tura,100,IN,1595296258,99,25.52,90.22,74.5,5.46
327,marshfield,1,US,1595296265,60,44.67,-90.17,72.0,3.36
328,marzuq,100,YE,1595296265,64,14.4,46.47,74.79,4.05
329,hvolsvollur,0,IS,1595296265,93,63.75,-20.22,39.99,1.39
330,batticaloa,100,LK,1595296265,75,7.71,81.69,81.21,2.01
331,norman wells,90,CA,1595295878,82,65.28,-126.83,62.6,10.29
332,codrington,34,AU,1595296047,70,-38.27,141.97,55.22,9.84
333,panzhihua,95,CN,1595296266,86,26.59,101.71,69.01,1.57
334,fort-shevchenko,34,KZ,1595296267,47,44.51,50.26,83.26,4.25
335,goderich,16,CA,1595295925,84,43.75,-81.72,69.01,10.0
336,aldan,32,RU,1595296267,47,58.6,125.39,70.79,15.39
337,saint-leu,90,RE,1595296268,63,-21.15,55.28,64.4,5.82
338,ahipara,11,NZ,1595296052,82,-35.17,173.17,59.52,14.45
339,vao,85,NC,1595296147,64,-22.67,167.48,68.74,11.92
340,yenagoa,100,NG,1595296268,94,4.92,6.26,74.52,4.52
341,panalingaan,51,PH,1595296269,60,8.78,117.42,87.82,1.74
342,gigmoto,100,PH,1595296269,76,13.78,124.39,85.6,5.99
343,petropavlovka,0,RU,1595296269,55,50.61,105.32,69.19,1.86
344,maarianhamina,99,AX,1595296265,82,60.1,19.93,62.6,3.36
345,nishihara,75,JP,1595296057,74,26.18,127.76,89.01,5.82
346,wajid,69,SO,1595296270,76,3.81,43.25,71.37,19.62
347,kirakira,1,SB,1595296270,64,-10.45,161.92,82.44,9.22
348,caravelas,0,BR,1595296066,88,-17.71,-39.25,69.91,6.76
349,pueblo nuevo,100,MX,1595296270,100,23.38,-105.38,60.33,0.63
350,bowen,97,AU,1595296271,49,-20.02,148.23,73.99,12.75
351,mus,0,TR,1595296271,28,39.0,41.75,63.93,1.57
352,sinnamary,99,GF,1595296271,84,5.38,-52.95,78.19,8.63
353,saint anthony,20,US,1595296129,60,45.02,-93.22,78.01,5.82
354,harper,44,LR,1595296271,89,4.38,-7.72,75.76,8.66
355,gushikawa,75,JP,1595296272,70,26.35,127.87,89.01,3.36
356,alofi,63,NU,1595296126,82,-19.06,-169.92,79.02,8.21
357,swellendam,0,ZA,1595296121,93,-34.02,20.44,57.2,1.12
358,san andres,75,CO,1595295973,79,12.58,-81.7,84.2,5.82
359,cedar city,1,US,1595296273,14,37.68,-113.06,87.8,5.82
360,belyy yar,2,RU,1595296121,68,53.6,91.39,66.2,6.71
361,la sarre,99,CA,1595296273,78,48.8,-79.2,56.8,3.0
362,kangaatsiaq,100,GL,1595296273,84,68.31,-53.46,45.39,0.94
363,cayenne,76,GF,1595295948,100,4.93,-52.33,75.2,8.86
364,alexandria,20,EG,1595296124,78,31.22,29.96,77.0,6.93
365,nurlat,11,RU,1595296274,92,54.43,50.81,59.47,3.74
366,susurluk,0,TR,1595296274,82,39.91,28.16,71.6,2.51
367,edd,100,ER,1595296274,56,13.93,41.69,90.34,2.19
368,savannah bight,5,HN,1595296135,73,16.45,-85.85,84.11,12.59
369,puerto baquerizo moreno,100,EC,1595296043,83,-0.9,-89.6,68.43,15.19
370,thinadhoo,97,MV,1595296275,76,0.53,72.93,84.06,15.43
371,guerrero negro,0,MX,1595296048,56,27.98,-114.06,74.62,14.16
372,russell,20,US,1595296276,74,32.35,-85.2,80.6,8.05
373,nyurba,100,RU,1595296276,97,63.28,118.33,62.04,4.12
374,hwange,0,ZW,1595296276,66,-18.37,26.5,47.62,2.51
375,durban,0,ZA,1595296276,76,-29.86,31.03,59.0,2.24
376,dasna,90,IN,1595296277,94,28.68,77.53,86.0,5.82
377,grand island,40,US,1595296100,69,40.92,-98.34,78.8,8.05
378,kiknur,48,RU,1595296277,98,57.3,47.2,56.53,4.68
379,alvarado,40,MX,1595296277,83,18.77,-95.77,84.99,3.36
380,nueve de julio,100,AR,1595296278,97,-35.44,-60.88,55.0,1.99
381,gold coast,75,AU,1595296278,48,-28.0,153.43,68.0,13.87
382,tuatapere,72,NZ,1595296036,75,-46.13,167.68,51.39,8.63
383,arlit,89,NE,1595296278,26,18.74,7.39,91.49,4.32
384,luderitz,0,NA,1595296056,33,-26.65,15.16,62.6,5.82
385,mathathane,0,BW,1595296279,87,-22.27,28.75,44.58,1.9
386,jinka,86,ET,1595296279,78,5.65,36.65,64.31,1.66
387,muyezerskiy,90,RU,1595296137,81,63.93,31.65,60.62,1.34
388,kultuk,4,RU,1595296279,54,51.72,103.7,66.07,4.0
389,honiara,75,SB,1595296280,70,-9.43,159.95,86.0,5.82
390,along,100,IN,1595296280,90,28.17,94.77,74.03,1.54
391,de-kastri,100,RU,1595296280,84,51.47,140.78,62.46,11.39
392,nanortalik,34,GL,1595296118,67,60.14,-45.24,47.28,1.43
393,charters towers,100,AU,1595296280,41,-20.1,146.27,71.35,8.97
394,ketrzyn,54,PL,1595296281,95,54.08,21.38,57.72,7.38
395,san patricio,20,MX,1595296122,74,19.22,-104.7,86.0,20.8
396,taloqan,74,AF,1595296005,21,36.74,69.53,83.84,2.01
397,luwuk,2,ID,1595296281,62,-0.95,122.79,84.94,4.88
398,van wert,1,US,1595296282,69,40.87,-84.58,75.99,4.16
399,sitka,90,US,1595296137,93,57.05,-135.33,55.4,5.82
400,kashira,20,RU,1595296282,87,54.84,38.17,59.0,8.95
401,mecca,100,SA,1595296282,44,21.43,39.83,86.99,4.45
402,partizanskoye,97,RU,1595296283,77,55.5,94.39,65.88,1.97
403,cocobeach,20,GA,1595296283,83,1.0,9.58,77.0,5.82
404,tshane,0,BW,1595296283,51,-24.02,21.87,45.3,8.63
405,ouahigouya,23,BF,1595296283,64,13.58,-2.42,82.29,11.43
406,lyubashivka,0,UA,1595296284,90,47.84,30.26,60.24,7.54
407,severodvinsk,0,RU,1595296143,82,64.56,39.83,57.2,2.24
408,elko,0,US,1595296284,6,41.0,-115.5,93.0,8.99
409,birao,7,CF,1595296284,94,10.28,22.79,69.01,4.09
410,bilibino,15,RU,1595296122,26,68.05,166.44,74.79,3.24
411,porto novo,80,BJ,1595296208,90,6.5,2.6,75.27,5.39
412,santa maria,95,BR,1595296285,68,-29.68,-53.81,71.6,3.36
413,yangambi,98,CD,1595296285,82,0.81,24.43,71.22,1.39
414,inuvik,75,CA,1595296119,66,68.35,-133.72,50.0,11.41
415,sao filipe,47,CV,1595296074,82,14.9,-24.5,76.12,9.4
416,kayes,100,ML,1595296286,82,14.0,-11.0,78.8,2.01
417,san jose,40,US,1595295904,56,37.34,-121.89,73.4,14.99
418,woodstock,75,CA,1595296286,73,43.13,-80.75,71.6,6.93
419,florianopolis,0,BR,1595296287,93,-27.61,-48.5,66.2,9.17
420,ipixuna,40,BR,1595296287,94,-1.76,-48.8,75.2,5.82
421,broken hill,89,AU,1595295859,62,-31.95,141.43,51.8,14.99
422,karachi,75,PK,1595296151,84,24.91,67.08,86.0,11.41
423,beringovskiy,100,RU,1595296041,77,63.05,179.32,46.78,11.65
424,ramnagar,9,IN,1595296288,60,29.4,79.12,82.15,2.28
425,kashi,100,CN,1595296152,26,39.45,75.98,71.6,6.71
426,itoman,40,JP,1595296288,83,26.12,127.67,89.01,4.7
427,aksay,39,RU,1595296288,72,47.26,39.87,66.2,8.95
428,sola,100,VU,1595296079,88,-13.88,167.55,82.4,3.36
429,suntar,100,RU,1595296289,96,62.14,117.63,61.88,4.47
430,tumaco,100,CO,1595296289,88,1.8,-78.82,75.79,11.03
431,smithers,90,CA,1595296289,93,54.78,-127.17,60.8,2.24
432,oxford,0,GB,1595296289,87,51.75,-1.26,51.01,1.12
433,ternate,85,ID,1595296290,66,0.8,127.4,84.16,2.89
434,chester,1,US,1595296290,51,40.13,-75.87,84.2,6.93
435,sabha,0,LY,1595296290,35,27.04,14.43,80.44,15.39
436,denton,75,US,1595296290,46,33.2,-97.13,91.4,10.29
437,greenville,40,US,1595296152,69,35.61,-77.37,82.4,12.75
438,simdega,100,IN,1595296291,81,22.62,84.52,78.78,6.96
439,bilma,42,NE,1595296148,31,18.69,12.92,87.73,6.64
440,bairiki,75,KI,1595296291,70,1.33,172.98,86.0,4.7
441,gravdal,93,NO,1595296065,76,68.12,13.5,52.74,4.18
442,cap malheureux,86,MU,1595296292,55,-19.98,57.61,70.0,5.99
443,guadalupe victoria,5,MX,1595296292,5,32.29,-115.11,114.01,6.93
444,ilulissat,100,GL,1595296065,50,69.22,-51.1,51.8,1.12
445,copiapo,100,CL,1595296292,81,-27.37,-70.33,51.8,2.24
446,hengshui,100,CN,1595296293,47,37.73,115.7,85.78,11.86
447,kolosovka,0,RU,1595296293,78,56.47,73.61,57.69,11.95
448,termini imerese,0,IT,1595296293,71,37.98,13.7,75.0,1.99
449,new glasgow,3,CA,1595296293,89,45.58,-62.65,71.01,3.0
450,alyangula,75,AU,1595296294,73,-13.85,136.42,75.2,5.82
451,tha mai,100,TH,1595296294,73,12.62,102.0,83.53,4.65
452,coos bay,90,US,1595296141,87,43.37,-124.22,75.0,16.11
453,korla,99,CN,1595296121,74,41.76,86.15,73.0,3.74
454,gandai,100,IN,1595296294,69,21.67,81.1,82.81,10.67
455,muros,1,ES,1595296295,76,42.78,-9.06,66.99,7.0
456,corinto,0,GR,1595296295,58,37.94,22.96,77.0,1.01
457,kuching,20,MY,1595296295,83,1.55,110.33,82.4,2.24
458,mattru,100,SL,1595296295,98,7.62,-11.83,72.9,4.36
459,klaksvik,6,FO,1595296049,100,62.23,-6.59,46.4,7.25
460,cairns,90,AU,1595296100,73,-16.92,145.77,73.4,8.05
461,karaton,20,ID,1595296296,66,-6.34,106.1,86.0,6.93
462,impfondo,94,CG,1595296296,93,1.64,18.07,69.67,1.3
463,kayerkan,90,RU,1595296296,100,69.35,87.76,51.8,11.18
464,marawi,20,PH,1595296055,84,8.0,124.29,81.0,10.0
465,praia da vitoria,75,PT,1595296297,73,38.73,-27.07,71.6,4.14
466,barsovo,0,RU,1595296297,63,61.17,73.17,62.6,6.71
467,saint-joseph,90,RE,1595296070,63,-21.37,55.62,64.4,5.82
468,prince rupert,90,CA,1595296042,100,54.32,-130.32,60.8,8.05
469,nome,90,US,1595295811,81,64.5,-165.41,55.99,12.75
470,magdagachi,24,RU,1595296298,50,53.45,125.8,68.23,11.56
471,portland,20,US,1595295727,28,45.52,-122.68,93.2,10.29
472,pangai,20,TO,1595296160,83,-19.8,-174.35,78.8,4.7
473,kieta,5,PG,1595296135,72,-6.22,155.63,84.49,7.96
474,fort nelson,75,CA,1595296299,60,58.81,-122.7,73.4,3.36
475,diamantino,20,BR,1595296299,47,-14.41,-56.45,72.19,5.86
476,flin flon,44,CA,1595296113,48,54.77,-101.86,69.12,6.49
477,bonavista,100,CA,1595296300,91,48.65,-53.11,59.49,15.84
478,brae,97,GB,1595296113,81,60.4,-1.35,51.8,9.17
479,calabozo,100,VE,1595296300,96,8.92,-67.43,73.58,2.35
480,pyay,100,MM,1595296300,85,18.82,95.22,80.78,3.27
481,invermere,6,CA,1595296300,31,50.52,-116.04,80.01,1.01
482,torrijos,0,ES,1595296301,44,39.98,-4.28,84.0,5.82
483,kodinsk,47,RU,1595296124,43,58.69,99.18,68.41,2.55
484,stockholm,5,SE,1595296301,87,59.33,18.06,57.99,4.7
485,slantsy,31,RU,1595296301,87,59.12,28.09,57.94,2.44
486,sambava,0,MG,1595296302,79,-14.27,50.17,67.69,13.42
487,rabat,90,MA,1595296302,83,33.99,-6.84,73.99,12.75
488,olinda,75,BR,1595295962,65,-8.01,-34.86,78.8,11.41
489,vestmannaeyjar,0,IS,1595296126,70,63.44,-20.27,49.37,2.17
490,plettenberg bay,0,ZA,1595296302,49,-34.05,23.37,59.7,7.16
491,chivilcoy,100,AR,1595296303,99,-34.9,-60.02,55.99,1.99
492,luanda,20,AO,1595296303,94,-8.84,13.23,69.8,3.36
493,puli,40,TW,1595296303,66,23.97,120.97,91.0,3.36
494,ilhabela,0,BR,1595296199,58,-23.78,-45.36,68.83,3.76
495,coquimbo,90,CL,1595296039,87,-29.95,-71.34,53.6,0.94
496,manokwari,100,ID,1595296304,77,-0.87,134.08,81.0,3.44
497,tongliao,31,CN,1595296304,19,43.61,122.27,84.92,5.55
498,presidencia roque saenz pena,100,AR,1595296015,56,-26.79,-60.44,75.06,7.7
499,kimberley,0,ZA,1595296304,43,-28.73,24.76,33.8,3.36
500,vyshkov,88,RU,1595296305,77,52.48,31.69,60.8,8.95
501,uvira,47,CD,1595296305,55,-3.41,29.15,72.68,2.48
502,tari,12,NG,1595296305,76,12.41,4.49,79.72,12.66
503,uruzgan,0,AF,1595296305,27,32.83,66.0,66.74,7.94
504,nantucket,90,US,1595296065,94,41.28,-70.1,72.0,10.29
505,kurchum,100,KZ,1595296306,36,48.57,83.65,81.25,2.82
506,tarauaca,7,BR,1595296306,86,-8.16,-70.77,73.09,0.83
507,muravlenko,91,RU,1595296162,69,63.79,74.52,57.36,9.33
508,eyl,89,SO,1595296051,54,7.98,49.82,79.36,27.02
509,carnot,92,CF,1595296307,93,4.94,15.87,67.17,1.41
510,san vicente,43,AR,1595296307,80,-26.62,-54.13,61.3,3.96
511,omboue,93,GA,1595296052,87,-1.57,9.26,71.38,5.77
512,belaya gora,42,RU,1595296307,29,68.53,146.42,85.77,9.95
513,praia,20,CV,1595296308,78,14.92,-23.51,78.8,5.82
514,diebougou,6,BF,1595296308,93,10.97,-3.25,72.91,1.16
515,batemans bay,0,AU,1595296261,49,-35.72,150.18,60.01,1.01
516,san juan,8,AR,1595296308,64,-31.54,-68.54,49.82,12.03
517,sur,100,OM,1595296038,66,22.57,59.53,86.36,9.64
518,rio gallegos,4,AR,1595296134,92,-51.62,-69.22,17.6,3.36
519,andros town,75,BS,1595296309,74,24.7,-77.77,82.4,10.29
520,moron,90,AR,1595296287,100,-34.65,-58.62,57.99,5.82
521,asfi,8,MA,1595296309,87,32.3,-9.24,68.34,6.91
522,kaniama,0,CD,1595296310,44,-7.57,24.18,58.59,3.91
523,funtua,92,NG,1595296310,90,11.52,7.31,69.66,9.69
524,saint-francois,77,FR,1595296100,64,46.42,3.91,68.0,3.36
525,dakar,40,SN,1595296057,88,14.69,-17.44,80.6,9.17
526,san pedro de macoris,40,DO,1595296311,83,18.46,-69.3,80.6,4.7
527,kuvshinovo,94,RU,1595296311,93,57.03,34.17,55.33,4.29
528,olean,1,US,1595296200,72,42.08,-78.43,69.01,2.95
529,locri,20,IT,1595296311,88,38.24,16.26,75.2,4.7
530,talaya,0,RU,1595296311,35,61.38,152.75,71.42,5.59
531,morehead,1,US,1595296312,100,37.27,-87.18,72.0,2.04
532,ampanihy,0,MG,1595296312,89,-24.7,44.75,53.78,4.52
533,bogoslovka,1,RU,1595296312,89,53.21,44.8,58.05,5.32
534,benalla,0,AU,1595296312,87,-36.55,145.98,54.0,1.12
535,shache,100,CN,1595296313,18,38.42,77.24,82.11,14.61
536,belmonte,20,BR,1595296164,73,-15.86,-38.88,75.2,10.29
537,verdun,0,FR,1595296313,82,49.25,5.33,55.0,1.01
538,beni,76,CD,1595296313,100,0.5,29.47,61.11,1.63
539,alta floresta,0,BR,1595296314,50,-9.88,-56.09,72.21,4.63
540,boyolangu,88,ID,1595296314,79,-8.12,111.89,79.38,7.87
541,ballitoville,0,ZA,1595296314,76,-29.54,31.21,48.2,2.24
542,tezu,100,IN,1595296138,88,27.92,96.17,75.07,0.47
543,hun,0,LY,1595296171,74,29.13,15.95,70.41,4.29
544,axim,100,GH,1595296079,92,4.87,-2.24,75.09,5.75
545,stromness,54,GB,1595296315,93,58.97,-3.3,50.0,5.82
546,bandarbeyla,90,SO,1595296049,60,9.49,50.81,78.89,25.64
547,nytva,75,RU,1595296315,100,57.94,55.33,57.2,8.95
548,mucurici,3,BR,1595296316,96,-18.09,-40.52,65.8,3.6
